브랜드명,회사명,제품명,카테고리,링크
장사부,,여성 부스터 땀복 상하의 세트,여성 의류,https://www.coupang.com/vp/products/4869353689?itemId=6324822777&vendorItemId=73620251143&q=%EC%97%AC%EC%84%B1+%EC%9A%B4%EB%8F%99%EB%B3%B5+%EC%84%B8%ED%8A%B8&itemsCount=36&searchId=e425dfbbf9b74e6cbcedd1cb8c97cc0d&rank=7&isAddedCart=
마켓에이,,여성용 언더휘트니스 애슬레저룩 상하세트 3p 세트,여성 의류,https://www.coupang.com/vp/products/6067131947?itemId=11183848927&vendorItemId=78461721067&q=%EC%97%AC%EC%84%B1+%EC%9A%B4%EB%8F%99%EB%B3%B5+%EC%84%B8%ED%8A%B8&itemsCount=36&searchId=e425dfbbf9b74e6cbcedd1cb8c97cc0d&rank=14&isAddedCart=
에스와이에디팜,,여성 땀복 운동복 트레이닝 상하의세트(브라탑 증정),여성 의류,https://www.coupang.com/vp/products/7178445354?itemId=18099857022&vendorItemId=70456352426&q=%EC%97%AC%EC%84%B1%EC%9A%B4%EB%8F%99%EB%B3%B5&itemsCount=36&searchId=88bde34885cf48c0b68ee81a036f880e&rank=13&isAddedCart=
룰루레몬,주식회사 에이케이플라자,레깅스 얼라인/원더트레인,여성 의류,https://www.coupang.com/vp/products/7646593460?itemId=20333672955&vendorItemId=85815765672&q=%EB%A3%B0%EB%A3%A8%EB%A0%88%EB%AA%AC&itemsCount=35&searchId=7f4afa195656474a974f4de03064ecfb&rank=2&isAddedCart=
구디프,,여성용 봄색감 라인 집업 런닝복 헬스복 요가복,여성 의류,https://www.coupang.com/vp/products/7294545908?itemId=18651746583&vendorItemId=85786589694&q=%EC%97%AC%EC%84%B1+%ED%97%AC%EC%8A%A4%EB%B3%B5&itemsCount=36&searchId=e214fc582e9d435092d29d13fab40b9a&rank=19&isAddedCart=
코마드,주식회사 코마드,텐션핏 레깅스 + 크롭탑 세트,여성 의류,https://www.coupang.com/vp/products/7072831607?itemId=17569665435&vendorItemId=84736421468&q=%EC%97%AC%EC%84%B1+%ED%97%AC%EC%8A%A4%EB%B3%B5&itemsCount=36&searchId=74edf608c1df44baa43e996be6d5d3c3&rank=51&isAddedCart=
올웨이즈,,이중 반바지 레깅스,여성 의류,https://www.coupang.com/vp/products/6688766772?itemId=15449377163&vendorItemId=82814986849&sourceType=srp_product_ads&clickEventId=f9ff0aa0-cfdc-11ee-9f80-0bc102ece108&korePlacement=15&koreSubPlacement=23&q=%EC%97%AC%EC%84%B1+%ED%97%AC%EC%8A%A4%EB%B3%B5&itemsCount=36&searchId=74edf608c1df44baa43e996be6d5d3c3&rank=58&isAddedCart=
로라벨,주식회사 케이모던,땀복세트 여자 땀복 빅사이즈,여성 의류,https://www.coupang.com/vp/products/6456113028?itemId=14034071677&vendorItemId=86752632444&q=%EC%97%AC%EC%84%B1+%ED%97%AC%EC%8A%A4%EB%B3%B5&itemsCount=36&searchId=74edf608c1df44baa43e996be6d5d3c3&rank=64&isAddedCart=
미사,,요가 조거팬츠 하이웨스트 요가복 필라테스복 바지,여성 의류,https://www.coupang.com/vp/products/7011641955?itemId=17233792503&vendorItemId=84405461830&q=%EC%97%AC%EC%84%B1+%ED%97%AC%EC%8A%A4%EB%B3%B5&itemsCount=36&searchId=ffc27ebf171f406993f2e33d24b07489&rank=4&isAddedCart=
젝시미스,(주)브랜드엑스코퍼레이션,아이스페더 숏슬리브,여성 의류,https://www.xexymix.com/shop/shopdetail.html?branduid=2058430&xcode=033&mcode=&scode=&type=X&sort=sellcnt&cur_code=033&search=&GfDT=bmt6W1w%3D
젝시미스,(주)브랜드엑스코퍼레이션,V업 3D 플러스 레깅스,여성 의류,https://www.xexymix.com/shop/shopdetail.html?branduid=2060545&xcode=033&mcode=&scode=&type=X&sort=sellcnt&cur_code=033&search=&GfDT=bmp9W10%3D
안다르,주식회사 안다르,에어리핏 오버핏 티셔츠,여성 의류,https://www.andar.co.kr/product/detail.html?product_no=7309&cate_no=2018&display_group=1
안다르,주식회사 안다르,에어쿨링 샤론 부츠컷 레깅스,여성 의류,https://m.andar.co.kr/product/detail.html?product_no=8502&cate_no=2200&display_group=1
뮬라웨어,주식회사 뮬라,뮬릭 숏&롱 슬리브,여성 의류,https://mulawear.com/product/%EB%AE%AC%EB%A6%AD-%EC%88%8F%EB%A1%B1-%EC%8A%AC%EB%A6%AC%EB%B8%8C-11-awnets703-awnetl701/4684/category/396/display/1/
나이키,(유)나이키코리아,여성 펌 서포트 하이웨이스트 포켓 레깅스,여성 의류,https://www.nike.com/kr/t/%EA%B3%A0-%EC%97%AC%EC%84%B1-%ED%8E%8C-%EC%84%9C%ED%8F%AC%ED%8A%B8-%ED%95%98%EC%9D%B4%EC%9B%A8%EC%9D%B4%EC%8A%A4%ED%8A%B8-%ED%8F%AC%EC%BC%93-%EB%A0%88%EA%B9%85%EC%8A%A4-ZFlq6K2o/DQ5669-675
에이브,(주)올애즈컴퍼니,캡 내장탑 6종,여성 의류,https://abefit.co.kr/product/%ED%95%AB%EB%94%9C%EB%81%9D%ED%8C%90%EC%99%95-%EC%BA%A1%EB%82%B4%EC%9E%A5%ED%83%91-6%EC%A2%85-%EA%B8%B0%ED%9A%8D%EC%A0%84/652/category/62/display/1/
위너비즈핏,위너비즈핏,DEMI 브라탑 차,여성 의류,https://wannabezfit.co.kr/product/demi-%EB%B8%8C%EB%9D%BC%ED%83%91-%EC%B0%A8%EC%BD%9C/865/category/110/display/2/
위너비즈핏,위너비즈핏,DEMI 5 레깅스 골드카키,여성 의류,https://wannabezfit.co.kr/product/demi-5-%EB%A0%88%EA%B9%85%EC%8A%A4-%EA%B3%A8%EB%93%9C%EC%B9%B4%ED%82%A4/891/category/112/display/3/
WSF,,그립테크 리프팅 헬스 스트랩,헬스용품,https://www.coupang.com/vp/products/4823996902?itemId=6217397457&vendorItemId=85658004333&q=%ED%97%AC%EC%8A%A4+%EC%8A%A4%ED%8A%B8%EB%9E%A9&itemsCount=36&searchId=59489f00f7a544b8937a110fd855c3ab&rank=2&isAddedCart=
쉴드,,파워 리프팅 헬스 스트랩 양손세트,헬스용품,https://www.coupang.com/vp/products/4888736375?itemId=6370361868&vendorItemId=73665549919&q=%ED%97%AC%EC%8A%A4+%EC%8A%A4%ED%8A%B8%EB%9E%A9&itemsCount=36&searchId=59489f00f7a544b8937a110fd855c3ab&rank=3&isAddedCart=
쉴드,,파워 리프팅 헬스 그립,헬스용품,https://www.coupang.com/vp/products/4834689166?itemId=6242894874&vendorItemId=73538655800&q=%ED%97%AC%EC%8A%A4+%EC%8A%A4%ED%8A%B8%EB%9E%A9&itemsCount=36&searchId=59489f00f7a544b8937a110fd855c3ab&rank=6&isAddedCart=
프로이스,,프로페셔널 이지그립,헬스용품,https://www.coupang.com/vp/products/1390753940?itemId=2426008262&vendorItemId=70420025322&q=%ED%97%AC%EC%8A%A4+%EC%8A%A4%ED%8A%B8%EB%9E%A9&itemsCount=36&searchId=59489f00f7a544b8937a110fd855c3ab&rank=7&isAddedCart=
제로투히어로,,프로 그립 헬스 리프팅 스트랩 손목 보호대,헬스용품,https://www.coupang.com/vp/products/2270488247?itemId=20055020190&vendorItemId=73245654393&q=%ED%97%AC%EC%8A%A4+%EC%8A%A4%ED%8A%B8%EB%9E%A9&itemsCount=36&searchId=59489f00f7a544b8937a110fd855c3ab&rank=9&isAddedCart=
제로투히어로,,헬스 카모 손목보호대 EXCLUSIVE Black camo ,헬스용품,https://www.coupang.com/vp/products/4925247365?itemId=6462020798&vendorItemId=73756497035&q=%ED%97%AC%EC%8A%A4+%EC%9E%A5%EA%B0%91&itemsCount=36&searchId=3fce38b294e1412cb9efe7e69509ddf0&rank=1&isAddedCart=
제로투히어로,,헬스 팔꿈치보호대 Type1 양쪽 세트,,https://www.coupang.com/vp/products/6731316187?itemId=19849354003&vendorItemId=82900527288&sourceType=cmgoms&omsPageId=96246&omsPageUrl=96246&isAddedCart=
베르사그립,,PRO 리프팅 그립 헬스 스트랩 양손 착용,헬스용품,https://www.coupang.com/vp/products/7282049159?itemId=18630654435&vendorItemId=86202279921&q=%ED%97%AC%EC%8A%A4+%EC%8A%A4%ED%8A%B8%EB%9E%A9&itemsCount=36&searchId=59489f00f7a544b8937a110fd855c3ab&rank=13&isAddedCart=
에버라스트,,리프팅 논슬립 면 헬스 스트랩,헬스용품,https://www.coupang.com/vp/products/2227498593?itemId=3799669382&vendorItemId=71784651435&q=%ED%97%AC%EC%8A%A4+%EC%8A%A4%ED%8A%B8%EB%9E%A9&itemsCount=36&searchId=59489f00f7a544b8937a110fd855c3ab&rank=19&isAddedCart=
에버라스트,,폼 코어 서포트 밸트,헬스용품,https://www.coupang.com/vp/products/5843767650?itemId=7174929162&vendorItemId=74466567006&q=%ED%97%AC%EC%8A%A4%ED%97%88%EB%A6%AC%EB%B2%A8%ED%8A%B8&itemsCount=36&searchId=111607578d254370a4c29364d53c6799&rank=1&isAddedCart=
하빈져,,리프팅 그립 헬스 스트랩 양손세트,헬스용품,https://www.coupang.com/vp/products/1229853319?itemId=2222878854&vendorItemId=70220557313&q=%ED%97%AC%EC%8A%A4+%EC%8A%A4%ED%8A%B8%EB%9E%A9&itemsCount=36&searchId=59489f00f7a544b8937a110fd855c3ab&rank=26&isAddedCart=
하빈져,,폼코어 헬스 벨트 벨크로 타입 남녀공용,헬스용품,https://www.coupang.com/vp/products/6132765466?itemId=6229863661&vendorItemId=70260622252&q=%EB%A6%AC%ED%94%84%ED%8C%85%EB%B2%A8%ED%8A%B8&itemsCount=36&searchId=9eda9e65523f49afa21f8a791757f6a4&rank=16&isAddedCart=
나이키,,"남성용 에센셜 라이트 웨이트 글러브 양손 세트, 블랙",헬스용품,https://www.coupang.com/vp/products/7106631786?itemId=17745482265&vendorItemId=84910066085&pickType=COU_PICK&q=%ED%97%AC%EC%8A%A4+%EC%9E%A5%EA%B0%91&itemsCount=36&searchId=db5a8aac3b5c45b78197777a41b9434c&rank=1&isAddedCart=
아디다스,,에센셜 벨크로 헬스장갑 좌우세트,헬스용품,http://chatopenai.co.kr/ad/tab_open.php?app=202&domain=coupang.com&type=1&aid=8474&browser=msedge&guid=20220804fJzAPR
지피스포츠,,GP 헬스장갑,헬스용품,https://www.coupang.com/vp/products/1928595065?itemId=3274132432&vendorItemId=71261142308&sourceType=SDW_TOP_SELLING_WIDGET_V2&searchId=db5a8aac3b5c45b78197777a41b9434c&q=%ED%97%AC%EC%8A%A4%20%EC%9E%A5%EA%B0%91&isAddedCart=
바디공식,,바디굿 3단 밴드 손목 보호대,헬스용품,https://www.coupang.com/vp/products/1748682502?itemId=2977980537&vendorItemId=70966357770&q=%ED%97%AC%EC%8A%A4+%EC%9E%A5%EA%B0%91&itemsCount=36&searchId=3fce38b294e1412cb9efe7e69509ddf0&rank=11&isAddedCart=
와일드몬스터,,ZEROMONSTER26 헬스장갑 양손세트,헬스용품,https://www.coupang.com/vp/products/1860745218?itemId=3163027839&vendorItemId=86216669709&sourceType=SDW_TOP_SELLING_WIDGET_V2&searchId=3fce38b294e1412cb9efe7e69509ddf0&q=%ED%97%AC%EC%8A%A4%20%EC%9E%A5%EA%B0%91&isAddedCart=
힘쎈,,피지컬프로 파워 리프팅 벨트[3시이전 주문 당일발송] 천연가죽,헬스용품,https://www.coupang.com/vp/products/6078121502?itemId=11253328252&vendorItemId=70274861107&q=%ED%97%AC%EC%8A%A4%ED%97%88%EB%A6%AC%EB%B2%A8%ED%8A%B8&itemsCount=36&searchId=111607578d254370a4c29364d53c6799&rank=19&isAddedCart=
더웨이트컴퍼니,,파워 헬스 리프팅 레버 벨트,헬스용품,https://www.coupang.com/vp/products/6520741936?itemId=14445698595&vendorItemId=85080730719&q=%ED%97%AC%EC%8A%A4%ED%97%88%EB%A6%AC%EB%B2%A8%ED%8A%B8&itemsCount=36&searchId=111607578d254370a4c29364d53c6799&rank=29&isAddedCart=
TROVIS,,네오플랜 역도벨트 S/M 허리보호대,헬스용품,https://www.coupang.com/vp/products/5130271?itemId=23292856&vendorItemId=3034104343&sourceType=SDW_TOP_SELLING_WIDGET_V2&searchId=9eda9e65523f49afa21f8a791757f6a4&q=%EB%A6%AC%ED%94%84%ED%8C%85%EB%B2%A8%ED%8A%B8&isAddedCart=
쿠스포츠,,크라토스 역도 웨이트 헬스 리프팅 벨트 허리 보호대,헬스용품,https://www.coupang.com/vp/products/5498922317?itemId=8536965149&vendorItemId=75824375286&sourceType=srp_product_ads&clickEventId=3b17a2a0-cfe1-11ee-b460-e4b4cfca3c2e&korePlacement=15&koreSubPlacement=24&q=%EB%A6%AC%ED%94%84%ED%8C%85%EB%B2%A8%ED%8A%B8&itemsCount=36&searchId=9eda9e65523f49afa21f8a791757f6a4&rank=23&isAddedCart=
몬스터짐,,RAW 리프팅 스트랩,헬스용품,https://www.monsterzym.com/raw-lifting.html
몬스터짐,,몬스터짐 리프팅 스트랩,헬스용품,https://www.monsterzym.com/monsterzym-lifting-straps.html
몬스터짐,,Grip Power Pads 리프팅 고무그립,헬스용품,https://www.monsterzym.com/versa-lifting-grips-black-rubber-1-pair.html
몬스터짐,,코브라 프로 웨이트 리프팅 그립,헬스용품,https://www.monsterzym.com/pro-weight-lifting-grips-rubber-1-pair.html
몬스터짐,,GASP 리프팅 스트랩,헬스용품,https://www.monsterzym.com/gasp-lifting-straps.html
몬스터짐,,카딜로 트레이닝 손목 스트랩,헬스용품,https://www.monsterzym.com/cardillo-adjustable-wrist-training-straps.html
몬스터짐,,가스파리 리프팅 스트랩,헬스용품,https://www.monsterzym.com/gasparistrap.html
몬스터짐,,블랙크롬 리프트 벨트,헬스용품,https://www.monsterzym.com/blackchromebelt.html
몬스터짐,,카딜로 디럭스 310DL,헬스용품,https://www.monsterzym.com/cardillo-310dl-training-belt.html
게이너마트,,"코어P프로틴 2kg
해썹 99.9% 안전,살균 시설제품 프로틴보충제",영양제 및 보조제,https://gainermart.co.kr/product/detail.html?product_no=211&cate_no=310&display_group=1
게이너마트,,"코어P프로틴 2kg x 2
해썹 99.9% 안전,살균 시설제품 프로틴보충제",영양제 및 보조제,https://gainermart.co.kr/product/detail.html?product_no=223&cate_no=310&display_group=1
게이너마트,,"프로틴의 품격1box
해썹 99.9% 안전,살균 시설제품 프로틴보충제",영양제 및 보조제,https://gainermart.co.kr/product/detail.html?product_no=2472&cate_no=310&display_group=1
게이너마트,,"코어A프로틴 2kg
해썹 99.9% 안전,살균 시설제품 프로틴보충제",영양제 및 보조제,https://gainermart.co.kr/product/detail.html?product_no=21&cate_no=310&display_group=1
게이너마트,,"코어R프로틴 2kg
해썹 99.9% 안전,살균 시설제품 프로틴보충제",영양제 및 보조제,https://gainermart.co.kr/product/detail.html?product_no=148&cate_no=310&display_group=1
게이너마트,,"코어P프로틴 1kg
해썹 99.9% 안전,살균 시설제품 프로틴보충제",영양제 및 보조제,https://gainermart.co.kr/product/detail.html?product_no=2432&cate_no=310&display_group=1
게이너마트,,"익스볼륨 WPI 2kg
해썹 99.9% 안전,살균 시설제품 프로틴보충제",영양제 및 보조제,https://gainermart.co.kr/product/detail.html?product_no=2424&cate_no=310&display_group=1
게이너마트,,"코어P게이너 4kg
해썹 99.9% 안전,살균 시설제품 혼합보충제",영양제 및 보조제,https://gainermart.co.kr/product/detail.html?product_no=210&cate_no=311&display_group=1
게이너마트,,"맥스칼로리 프리미엄 4kg
[체중증가용]
해썹 99.9% 안전,살균 시설제품 혼합보충제
고칼로리,출시기념 1+1 이벤트",영양제 및 보조제,https://gainermart.co.kr/product/detail.html?product_no=2430&cate_no=394&display_group=1
게이너마트,,"헬시라인업 딸기맛 600g
해썹 99.9% 안전,살균 시설제품 단백질쉐이크",영양제 및 보조제,https://gainermart.co.kr/product/detail.html?product_no=2128&cate_no=350&display_group=1
게이너마트,,"헬시라인업 바나나맛 600g
해썹 99.9% 안전,살균 시설제품 단백질쉐이크",영양제 및 보조제,https://gainermart.co.kr/product/detail.html?product_no=2297&cate_no=350&display_group=1
게이너마트,,"헬시라인업 초코맛 600g
해썹 99.9% 안전,살균 시설제품 단백질쉐이크",영양제 및 보조제,https://gainermart.co.kr/product/detail.html?product_no=2298&cate_no=350&display_group=1
게이너마트,,"콩자블랙푸드 (선식,식사대용, 검은콩, 슈퍼푸드, 미숫가루)",영양제 및 보조제,https://gainermart.co.kr/product/detail.html?product_no=2470&cate_no=395&display_group=1
게이너마트,,"핏 버닝티 100g X2
[수분보충,컷팅,이너보충,]
해썹 99.9% 안전,살균 시설제품 프로틴보충제",영양제 및 보조제,https://gainermart.co.kr/product/detail.html?product_no=2478&cate_no=397&display_group=1
게이너마트,,"하루견과 사차인치20g*10봉
하루견과,견과류,아몬드,호두,사차인치,건크랜베리",영양제 및 보조제,https://gainermart.co.kr/product/detail.html?product_no=2443&cate_no=391&display_group=1
쿠팡,,"푸드올로지 콜레올로지컷 다이어트 보조제, 30정, 1개",영양제 및 보조제,https://www.coupang.com/vp/products/7563892908?itemId=15109190016&vendorItemId=82801035388&q=%EB%B3%B4%EC%A1%B0%EC%A0%9C&itemsCount=36&searchId=4e4830f3595b412a8319accd1cda102c&rank=0&isAddedCart=
쿠팡,,"그린몬스터 다이어트 스폐셜2 가르시니아900, 112정, 1개",영양제 및 보조제,https://www.coupang.com/vp/products/6807918291?itemId=16095441468&vendorItemId=3028473540&q=%EB%B3%B4%EC%A1%B0%EC%A0%9C&itemsCount=36&searchId=4e4830f3595b412a8319accd1cda102c&rank=1&isAddedCart=
쿠팡,,"푸드올로지 맨올로지컷 다이어트 보조제, 120정, 1개",영양제 및 보조제,https://www.coupang.com/vp/products/6263639394?itemId=19870910421&vendorItemId=81024366627&q=%EB%B3%B4%EC%A1%B0%EC%A0%9C&itemsCount=36&searchId=4e4830f3595b412a8319accd1cda102c&rank=3&isAddedCart=
쿠팡,,"뉴트리디데이 L-아르기닌, 120정, 1개",영양제 및 보조제,https://www.coupang.com/vp/products/1748655069?itemId=2977936669&vendorItemId=70966314703&q=%EB%B3%B4%EC%A1%B0%EC%A0%9C&itemsCount=36&searchId=4e4830f3595b412a8319accd1cda102c&rank=5&isAddedCart=
쿠팡,,"GRN 시즌4 올 뉴 초록이 다이어트 식품, 60정, 1개",영양제 및 보조제,https://www.coupang.com/vp/products/7590197085?itemId=19026182527&vendorItemId=84672542217&q=%EB%B3%B4%EC%A1%B0%EC%A0%9C&itemsCount=36&searchId=4e4830f3595b412a8319accd1cda102c&rank=6&isAddedCart=
쿠팡,,"바이탈뷰티 메타그린 슬림 30일분, 90정, 1개",영양제 및 보조제,https://www.coupang.com/vp/products/1654499273?itemId=2818741628&vendorItemId=79530596462&q=%EB%B3%B4%EC%A1%B0%EC%A0%9C&itemsCount=36&searchId=4e4830f3595b412a8319accd1cda102c&rank=7&isAddedCart=
쿠팡,,"오늘부터 슬림카페, 90g, 1개",영양제 및 보조제,https://www.coupang.com/vp/products/6872403584?itemId=19520435219&vendorItemId=87686762355&q=%EB%B3%B4%EC%A1%B0%EC%A0%9C&itemsCount=36&searchId=4e4830f3595b412a8319accd1cda102c&rank=9&isAddedCart=
쿠팡,,"그린몬스터 다이어트 14in1 녹차카테킨플러스, 56정, 1개",영양제 및 보조제,https://www.coupang.com/vp/products/5335538497?itemId=7802293764&vendorItemId=3275048111&q=%EB%B3%B4%EC%A1%B0%EC%A0%9C&itemsCount=36&searchId=4e4830f3595b412a8319accd1cda102c&rank=10&isAddedCart=
쿠팡,,"GRN 초록이 쓰리데이즈 다이어트 시즌2, 100ml, 3개",영양제 및 보조제,https://www.coupang.com/vp/products/7118618862?itemId=17817446187&vendorItemId=84981374784&q=%EB%B3%B4%EC%A1%B0%EC%A0%9C&itemsCount=36&searchId=4e4830f3595b412a8319accd1cda102c&rank=11&isAddedCart=
쿠팡,,남녀공용 땀복 다이어트 티셔츠 바지 세트 트레이닝 헬스 런닝 운동복,남성 의류,https://www.coupang.com/vp/products/6455175836?itemId=14029136014&vendorItemId=88304856063&q=%EB%82%A8%EC%9E%90+%ED%97%AC%EC%8A%A4%EC%98%B7&itemsCount=36&searchId=9577b5236f264d36bdfb51fbc1a49f63&rank=0&isAddedCart=
쿠팡,,머슬핏 트레이닝 슬림핏 축구바지 풋살 피트니스 긴바지 올라운드스포츠 팬츠,남성 의류,https://www.coupang.com/vp/products/6965184156?itemId=16970492160&vendorItemId=85693651853&q=%EB%82%A8%EC%9E%90+%ED%97%AC%EC%8A%A4%EC%98%B7&itemsCount=36&searchId=9577b5236f264d36bdfb51fbc1a49f63&rank=1&isAddedCart=
쿠팡,,"
유투 남성용 골지 나시 3p",남성 의류,https://www.coupang.com/vp/products/6454067166?itemId=749517333&vendorItemId=77672071444&q=%EB%82%A8%EC%9E%90+%ED%97%AC%EC%8A%A4%EC%98%B7&itemsCount=36&searchId=9577b5236f264d36bdfb51fbc1a49f63&rank=2&isAddedCart=
쿠팡,,코리아아미 로카티 ROKA 쿨드라이 반팔 쿨티셔츠 2P,남성 의류,https://www.coupang.com/vp/products/5717107886?itemId=9551335310&vendorItemId=76835998672&q=%EB%82%A8%EC%9E%90+%ED%97%AC%EC%8A%A4%EC%98%B7&itemsCount=36&searchId=9577b5236f264d36bdfb51fbc1a49f63&rank=3&isAddedCart=
쿠팡,,나이키 DRI FIT PK20 스우시 로고 트레이닝 팬츠 + 패션마스크,남성 의류,https://www.coupang.com/vp/products/5938399041?itemId=10575875476&vendorItemId=77857299005&q=%EB%82%A8%EC%9E%90+%ED%97%AC%EC%8A%A4%EC%98%B7&itemsCount=36&searchId=9577b5236f264d36bdfb51fbc1a49f63&rank=7&isAddedCart=
쿠팡,,아디다스 ENT22 TR 트레이닝 팬츠 긴바지 운동복 + 패션마스크,남성 의류,https://www.coupang.com/vp/products/6361991381?itemId=13434735500&vendorItemId=80689258040&q=%EB%82%A8%EC%9E%90+%ED%97%AC%EC%8A%A4%EC%98%B7&itemsCount=36&searchId=9577b5236f264d36bdfb51fbc1a49f63&rank=10&isAddedCart=
쿠팡,,허그본 남성용 데일리 머슬핏 무지 반팔 티셔츠,남성 의류,https://www.coupang.com/vp/products/4624931484?itemId=5736873714&vendorItemId=72451048569&q=%EB%82%A8%EC%9E%90+%ED%97%AC%EC%8A%A4%EC%98%B7&itemsCount=36&searchId=9577b5236f264d36bdfb51fbc1a49f63&rank=11&isAddedCart=
쿠팡,,블랙몬스터핏 에버 러닝 BLACK 트레이닝 반바지 팬츠 2P,남성 의류,https://www.coupang.com/vp/products/6475192630?itemId=14150234485&vendorItemId=81444446182&q=%EB%82%A8%EC%9E%90+%ED%97%AC%EC%8A%A4%EC%98%B7&itemsCount=36&searchId=9577b5236f264d36bdfb51fbc1a49f63&rank=12&isAddedCart=
쿠팡,,"기능성반팔 쿨티셔츠 3P 남녀공용 무지티 쿨링 쿨론티 쿨티 운동 헬스 반팔 티셔츠",남성 의류,https://www.coupang.com/vp/products/6802275401?itemId=16060518554&vendorItemId=80367680390&q=%EB%82%A8%EC%9E%90+%ED%97%AC%EC%8A%A4%EC%98%B7&itemsCount=36&searchId=9577b5236f264d36bdfb51fbc1a49f63&rank=17&isAddedCart=
쿠팡,,아디다스 SRN ER 삼선 트레이닝수트 상하의 세트 + 패션마스크,남성 의류,https://www.coupang.com/vp/products/6073828894?itemId=11225675323&vendorItemId=78503055512&q=%EB%82%A8%EC%9E%90+%ED%97%AC%EC%8A%A4%EC%98%B7&itemsCount=36&searchId=9577b5236f264d36bdfb51fbc1a49f63&rank=19&isAddedCart=
쿠팡,,커스터스 남자 레깅스 타이즈 9부 2개,남성 의류,https://www.coupang.com/vp/products/6524828712?itemId=14471063969&vendorItemId=81714386608&q=%EB%82%A8%EC%9E%90+%ED%97%AC%EC%8A%A4%EC%98%B7&itemsCount=36&searchId=9577b5236f264d36bdfb51fbc1a49f63&rank=18&isAddedCart=
쿠팡,,아르메데스 남성용 기능성 언더레이어 긴팔 2매세트,남성 의류,https://www.coupang.com/vp/products/6163192346?itemId=11975099033&vendorItemId=80660498059&q=%EB%82%A8%EC%9E%90+%ED%97%AC%EC%8A%A4%EC%98%B7&itemsCount=36&searchId=9577b5236f264d36bdfb51fbc1a49f63&rank=21&isAddedCart=
쿠팡,,티팜 스포츠 드라이쿨 티셔츠 3p,남성 의류,https://www.coupang.com/vp/products/291734976?itemId=922726883&vendorItemId=5295756207&q=%EB%82%A8%EC%9E%90+%ED%97%AC%EC%8A%A4%EC%98%B7&itemsCount=36&searchId=9577b5236f264d36bdfb51fbc1a49f63&rank=31&isAddedCart=
에이치덱스,,코어 자이언트핏 롱 슬리브,남성 의류,https://hdex.co.kr/product/%EC%BD%94%EC%96%B4-%EC%9E%90%EC%9D%B4%EC%96%B8%ED%8A%B8%ED%95%8F-%EB%A1%B1-%EC%8A%AC%EB%A6%AC%EB%B8%8C-melange-gray/2797/category/377/display/1/
에이치덱스,,자이언트핏 매쉬 와이드 팬츠,남성 의류,https://hdex.co.kr/product/%EC%9E%90%EC%9D%B4%EC%96%B8%ED%8A%B8%ED%95%8F-%EB%A7%A4%EC%89%AC-%EC%99%80%EC%9D%B4%EB%93%9C-%ED%8C%AC%EC%B8%A0-black/2791/category/377/display/1/
에이치덱스,,와플 로우 롱 슬리브,남성 의류,https://hdex.co.kr/product/%EC%99%80%ED%94%8C-%EB%A1%9C%EC%9A%B0-%EB%A1%B1-%EC%8A%AC%EB%A6%AC%EB%B8%8C-3-color/2567/category/377/display/1/
에이치덱스,,메인로고 후디 ,남성 의류,https://hdex.co.kr/product/%EB%A9%94%EC%9D%B8%EB%A1%9C%EA%B3%A0-%ED%9B%84%EB%94%94-3-color/2616/category/377/display/1/
에이치덱스,,애슬레틱 후디,남성 의류,https://hdex.co.kr/product/%EC%95%A0%EC%8A%AC%EB%A0%88%ED%8B%B1-%ED%9B%84%EB%94%94-2-color/2613/category/377/display/1/
에이치덱스,,바시티 후디,남성 의류,https://hdex.co.kr/product/%EB%B0%94%EC%8B%9C%ED%8B%B0-%ED%9B%84%EB%94%94-3-color/2583/category/377/display/1/
에이치덱스,,심볼 클래식 조거 스웨트팬츠,남성 의류,https://hdex.co.kr/product/%EC%8B%AC%EB%B3%BC-%ED%81%B4%EB%9E%98%EC%8B%9D-%EC%A1%B0%EA%B1%B0-%EC%8A%A4%EC%9B%A8%ED%8A%B8%ED%8C%AC%EC%B8%A0-2-color/2605/category/377/display/1/
에이치덱스,,PG 머슬핏 숏 슬리브,남성 의류,https://hdex.co.kr/product/pg-%EB%A8%B8%EC%8A%AC%ED%95%8F-%EC%88%8F-%EC%8A%AC%EB%A6%AC%EB%B8%8C-4color/1642/category/377/display/1/
에이치덱스,,컴프레이션 브리즈 나시,남성 의류,https://hdex.co.kr/product/%EC%BB%B4%ED%94%84%EB%A0%88%EC%9D%B4%EC%85%98-%EB%B8%8C%EB%A6%AC%EC%A6%88-%EB%82%98%EC%8B%9C-2-color/1378/category/377/display/1/
,,,남성 의류,
,,,남성 의류,
,,,남성 의류,
,,,남성 의류,
,,,남성 의류,
,,,남성 의류,
,,,남성 의류,
,,,남성 의류,
,,,남성 의류,
,,,남성 의류,
,,,남성 의류,
,,,남성 의류,
,,,남성 의류,
,,,남성 의류,
,,,남성 의류,
,,,남성 의류,
,,,남성 의류,
,,,남성 의류,
,,,남성 의류,
,,,남성 의류,
,,,남성 의류,
,,,남성 의류,
,,,남성 의류,
,,,남성 의류,
,,,남성 의류,
,,,남성 의류,
,,,남성 의류,
,,,남성 의류,
,,,남성 의류,
,,,남성 의류,
,,,남성 의류,
,,,남성 의류,
,,,남성 의류,
,,,남성 의류,
,,,남성 의류,
,,,남성 의류,
,,,남성 의류,
,,,남성 의류,
,,,남성 의류,
,,,남성 의류,
,,,남성 의류,
,,,남성 의류,
,,,남성 의류,
,,,남성 의류,
,,,남성 의류,
,,,남성 의류,
,,,남성 의류,
,,,남성 의류,
,,,남성 의류,
,,,남성 의류,
,,,남성 의류,
,,,남성 의류,
,,,남성 의류,
,,,남성 의류,
,,,남성 의류,
,,,남성 의류,
,,,남성 의류,
,,,남성 의류,
,,,남성 의류,
,,,남성 의류,
,,,남성 의류,
,,,남성 의류,
,,,남성 의류,
,,,남성 의류,
,,,남성 의류,
,,,남성 의류,
,,,남성 의류,
,,,남성 의류,
,,,남성 의류,
,,,남성 의류,
,,,남성 의류,
,,,남성 의류,
,,,남성 의류,
,,,남성 의류,
,,,남성 의류,
,,,남성 의류,
,,,남성 의류,
,,,남성 의류,
,,,남성 의류,
,,,남성 의류,
,,,남성 의류,
,,,남성 의류,
,,,남성 의류,
,,,남성 의류,
,,,남성 의류,